cake_crop_id,crop_file_name,shape,dominant_color,visual_style,lettering_type,board_lettering,border_type,cream_decoration,topping_decoration,character_type,text_presence,memo
4,_onyourday_1667207242_2961071421200629117_12861674625_cake_1.jpg,원형,화이트|핑크|블랙|브라운,러블리|캐릭터,중앙레터링,있음,크림테두리,하트|꽃,진주,사람,있음,케이크 중앙에 사람 얼굴 캐릭터와 글자가 있으며 붉은 하트 크림 데코와 진주장식이 있음.
5,_onyourday_1667294897_2961806726807664337_12861674625_cake_1.jpg,하트,화이트,레터링중심,중앙레터링,없음,없음,없음,없음,없음,있음,"하트형 케이크에 흰색 크림, 중앙에 다색상의 글자가 레터링되어 있음. 크림 데코와 토핑은 보이지 않음."
6,_onyourday_1667381361_2962532038948193892_12861674625_cake_1.jpg,하트,그린|옐로우|화이트,심플,중앙레터링,없음,없음,없음,진주,없음,있음,"하트 모양 케이크에 녹색, 노란색, 흰색 크림이 섞여 있고 진주 토핑이 있음. 글씨는 케이크 중앙에 흰색 글씨로 있음. 크림 장식은 뚜렷한 모양 없음."
7,_onyourday_1667466914_2963249708203170261_12861674625_cake_1.jpg,하트,판단불가,판단불가,중앙레터링,없음,없음,없음,없음,없음,있음,케이크 색이 붉은색으로 추정되나 선택지에 해당 색상이 없어 판단불가로 처리함
8,_onyourday_1667634022_2964651511566253430_12861674625_cake_1.jpg,원형,블루,캐릭터,중앙레터링,없음,없음,없음,없음,기타캐릭터,있음,"짱구 캐릭터 얼굴이 중심에 있고, 파란색 배경에 다양한 모양의 도형들이 장식되어 있음. 크림 데코나 보드 위 텍스트는 없음."
10,_onyourday_1667820802_2966218341714537793_12861674625_cake_1.jpg,하트,핑크,러블리,중앙레터링,없음,없음,없음,진주,없음,있음,하트 모양 케이크에 핑크색 광택 있고 흰색 글씨와 진주 모양 토핑이 있음. 테두리 크림 또는 꽃 없음. 텍스트 'Happy 100 days' 중앙에 위치함.
11,_onyourday_1667904128_2966917325412113926_12861674625_cake_1.jpg,원형,핑크|옐로우,캐릭터,중앙레터링,있음,없음,없음,없음,개,있음,"노란 강아지 캐릭터가 중앙에 있고, 핑크색 보드에 글자가 보임. 테두리는 크림 등으로 꾸미지 않음."
12,_onyourday_1667990691_2967643471347097456_12861674625_cake_1.jpg,하트,믹스,화려함,중앙레터링,없음,없음,없음,진주,없음,있음,하트 모양 케이크에 여러 색 크림이 섞여 있고 중앙에 흰색 레터링과 빨간 하트 장식이 있음. 흰색 작은 진주가 토핑으로 사용됨.
13,_onyourday_1668067537_2968288103182819330_12861674625_cake_1.jpg,원형,화이트,캐릭터|레터링중심,중앙레터링,없음,없음,없음,스프링클,사람,있음,케이크 중앙에 사람 캐릭터와 레터링이 있음. 테두리 장식 없음. 크림 데코는 캐릭터와 레터링 외에는 없음. 컬러는 전체적으로 하얀색 바탕.
14,_onyourday_1668162386_2969083755024892705_12861674625_cake_1.jpg,원형,블랙,화려함,없음,있음,크림테두리,없음,진주,없음,있음,"케이크 모양은 원형이며 전체적으로 검은색 크림으로 덮인 화려한 스타일임. 케이크 테두리는 크림 테두리로 장식되어 있고, 진주로 된 장식물이 있음. 케이크 위에 반짝이는 왕관 모양 장식이 있음. 케이크 받침에는 문구 스티커가 있음."
17,_onyourday_1668585923_2972636639693196911_12861674625_cake_1.jpg,원형,블루|브라운|화이트,심플,중앙레터링,없음,없음,없음,없음,없음,있음,상단에 흰색 크림 글씨로 레터링이 있으며 배경이 파도와 모래를 형상화한 심플한 스타일임.
18,_onyourday_1668673808_2973373870124952500_12861674625_cake_1.jpg,원형,화이트,러블리|레터링중심,판단불가,있음,없음,리본|꽃,없음,곰,있음,"다양한 색상으로 다채로운 레터링과 하트, 리본, 꽃 크림 장식, 곰인형 토퍼가 있음. 레터링 타입은 여러 방향과 겹침으로 판단불가."
19,_onyourday_1668766391_2974150515587788020_12861674625_cake_1.jpg,하트,블루|화이트|믹스,심플,중앙레터링,없음,크림테두리,없음,스프링클|과일,없음,있음,"하트 모양 케이크이며, 파란색 위에 흰색 크림과 무지개색 스프링클, 빨간색 체리가 올려져 있음. 중앙에 글자가 직접 케이크 표면에 쓰여 있음."
20,_onyourday_1668851131_2974861362472836171_12861674625_cake_1.jpg,하트,화이트|핑크|블루|옐로우|그린|퍼플|브라운,레터링중심|심플,꽉찬레터링,없음,없음,없음,스프링클,없음,있음,하트형 흰색 케이크 위에 다채로운 색상의 레터링과 스프링클 장식이 있음. 보드 레터링이나 크림 테두리는 없음.
21,_onyourday_1669025488_2976323974627484444_12861674625_cake_1.jpg,원형,블루|블랙|화이트|핑크|옐로우|브라운|그린,캐릭터|화려함,중앙레터링,있음,없음,하트,스프링클,사람,있음,"인물 캐릭터가 중앙에 그려져 있고, 주변에 글자와 하트 풍선 형태의 데코, 스프링클 장식이 있음. 전체적으로 화려한 느낌이며 글자가 존재함."
23,_onyourday_1669204494_2977825587007522340_12861674625_cake_1.jpg,하트,화이트,러블리,중앙레터링,없음,없음,하트,스프링클,토끼|곰,있음,"하트 모양의 흰색 케이크에 분홍색 중앙 레터링, 하트 모양 크림 장식과 컬러풀한 스프링클, 토끼 및 곰 캐릭터가 있음"
24,_onyourday_1669378844_2979288140258705327_12861674625_cake_1.jpg,하트,퍼플,심플,중앙레터링,없음,크림테두리,하트,없음,없음,있음,보라색 하트 모양 케이크 테두리에 크림 동글 동글한 장식이 있고 중앙에 하트 모양 글자가 있음.
26,_onyourday_1669626500_2981365633565566365_12861674625_cake_1.jpg,하트,화이트,심플,중앙레터링,없음,크림테두리,하트,없음,없음,있음,빨간 글씨가 중앙에 'Happy Hyun's day'라고 적혀 있음
28,_onyourday_1669798607_2982809371680670625_12861674625_cake_1.jpg,원형,화이트|옐로우|핑크|블랙,캐릭터,중앙레터링,없음,없음,하트,없음,곰,있음,"케이크 본체는 원형이며, 흰색 크림 바탕에 노란색과 빨간색이 주된 색상임. 캐릭터 스타일이며 중앙에 곰 캐릭터가 그려져 있음. 메시지 레터링이 중앙 곰 캐릭터 위에 검정색으로 쓰여 있음. 보드 레터링은 보이지 않으며 테두리는 크림 장식 없이 심플함. 하트 모양 크림 장식이 있음."
29,_onyourday_1670230774_2986434649891878544_12861674625_cake_1.jpg,판단불가,화이트|브라운|그린|핑크,화려함|판단불가,판단불가,있음,크림테두리,꽃|하트,판단불가,사람,있음,케이크가 집 모양이고 장식이 많음. 산타 인형과 글자가 있어 캐릭터와 텍스트가 있음. 전체 모양이 정확히 원형 등으로 보이지 않음.
33,_onyourday_1670231232_2986438490196599056_12861674625_cake_1.jpg,원형,핑크,화려함,중앙레터링,없음,없음,꽃,판단불가,곰,있음,"곰 모양 초콜릿 캔들 장식이 있고, 'merry christmas' 글자가 중앙에 큼직하게 있음. 크림 테두리 없음. 과일이나 진주 등 토핑은 명확하지 않음."
34,_onyourday_1670231232_2986438490205053421_12861674625_cake_1.jpg,원형,화이트|핑크,심플|러블리,중앙레터링,있음,크림테두리,없음,없음,없음,있음,"원형 화이트 크림 케이크에 분홍색 레터링 중앙에 위치, 크림 테두리 있다. 상단에 크리스마스 장식 및 리본 보이지만 크림 데코와는 다름."
35,_onyourday_1670231232_2986438490205168858_12861674625_cake_1.jpg,원형,핑크|화이트|그린|옐로우,화려함|캐릭터,중앙레터링,있음,없음,꽃,진주,곰,있음,"곰 모양 초 장식과 노란색 레터링, 다양한 색 크림 장식으로 화려한 스타일임. 케이크 모양은 원형이며 보드에 글자가 있음."
36,_onyourday_1670231232_2986438490297249954_12861674625_cake_1.jpg,하트,핑크|그린,심플,중앙레터링,없음,없음,없음,없음,없음,있음,"빨간색과 초록색 레터링이 있는 하트모양 케이크이며, 크림 장식과 보더는 없음. 문자 있음."
38,_onyourday_1670582244_2989382994363937296_12861674625_cake_1.jpg,하트,핑크|화이트,러블리,중앙레터링,없음,없음,없음,없음,없음,있음,하트 모양의 케이크이며 핑크와 흰색 크림이 사용됨. 크림 테두리나 데코레이션은 없고 중앙에 레터링 있음. 사진에서 다른 데코 요소 및 경계선은 확인되지 않음.
42,_onyourday_1670827089_2991436899381766694_12861674625_cake_1.jpg,원형,화이트,심플,없음,있음,없음,없음,반짝이,없음,있음,"케이크 표면에 글자는 없고, 위 장식판에 문자 있음. 크림 위 반짝이 점들이 꾸밈 요소임."
43,_onyourday_1670921702_2992230572202921207_12861674625_cake_1.jpg,원형,화이트,캐릭터,중앙레터링,없음,없음,없음,진주,토끼,있음,토끼 캐릭터가 중앙에 있고 문구가 케이크 표면에 크림으로 쓰여 있음. 주변에 작은 진주 모양 장식이 있음.
44,_onyourday_1671007821_2992952990492143586_12861674625_cake_1.jpg,하트,판단불가,판단불가,중앙레터링,없음,없음,없음,없음,없음,있음,케이크 색상은 사진 조명 때문에 정확한 판단이 어려움. 케이크 표면이 광택이 있는 레드 색상으로 보임.
45,_onyourday_1671101737_2993740816115464525_12861674625_cake_1.jpg,원형,화이트|핑크|그린,러블리,중앙레터링,없음,크림테두리,꽃,진주,없음,있음,"분홍 장미 크림 장식과 진주 모양 데코가 있고, 흰색 케이크에 중앙에 글자가 있으며 원형 모양임."
46,_onyourday_1671264860_2995109188058474072_12861674625_cake_1.jpg,원형,화이트|브라운|그린|믹스,화려함,중앙레터링,있음,크림테두리,하트|꽃,과일|반짝이,기타캐릭터,있음,"흰색과 빨간색 크림을 사용한 원형 케이크로, 다양한 크리스마스 장식과 글씨가 있음. 케이크 위에 미니어처 산타, 선물, 눈사람 인형 있음."
47,_onyourday_1671505347_2997126540344923904_12861674625_cake_1.jpg,원형,화이트|브라운,화려함,중앙레터링,없음,크림테두리,없음,판단불가,판단불가,있음,케이크 테두리는 크림 타입이며 상단 흰 크림과 측면 붉은색으로 구성됨. 중간에 중앙레터링이 붉은색 크림으로 쓰여있음. 장식 대부분이 미니어처 및 다소 판단 불가함.
48,_onyourday_1671607720_2997985312831403490_12861674625_cake_1.jpg,원형,화이트|옐로우,화려함,중앙레터링,있음,크림테두리,없음,스프링클,토끼,있음,"여러 가지 토핑 장식과 다채로운 색상, 글자가 중앙에 있으며, 토끼 캐릭터가 있음"
52,_onyourday_1672134335_3002402871715713357_12861674625_cake_1.jpg,하트,블랙,레터링중심,중앙레터링,없음,없음,없음,없음,없음,있음,"검은색 하트 모양 케이크에 분홍색 레터링 있음. 크림 장식, 테두리, 토핑 장식 없음."
54,_onyourday_1672396478_3004601894256789937_12861674625_cake_1.jpg,하트,핑크,레터링중심,중앙레터링,없음,없음,없음,없음,없음,있음,"하트 모양 케이크, 핑크색 크림, 레터링이 중앙에 있음. 크림 테두리 및 추가 장식 없음."
55,_onyourday_1672455158_3005094136482531916_12861674625_cake_1.jpg,하트,화이트,심플,중앙레터링,없음,없음,없음,없음,없음,있음,"하트 모양의 흰색 케이크이며, 짙은 색으로 중앙 레터링이 있음. 장식이 없고 글자가 선명하게 보임."
56,_onyourday_1672482454_3005323106248772615_12861674625_cake_1.jpg,원형,화이트|블랙|핑크|믹스,러블리|화려함,중앙레터링,있음,크림테두리,없음,스프링클|과일,토끼,있음,"토끼 인형 2개와 풍선, 초콜릿 장식 있음. 화이트 크림에 블랙 드립, 핑크색 글씨, 알록달록 스프링클로 장식됨. 텍스트는 케이크 앞면과 보드에 있음."
59,_onyourday_1672913553_3008939425878455180_12861674625_cake_1.jpg,원형,화이트|블루,화려함,중앙레터링,있음,크림테두리,없음,판단불가,곰,있음,"토퍼가 있고, 여러 색상 풍선 토퍼 및 곰 모양 토퍼가 있음. 케이크 옆면에 글자가 있음. 생크림 경계 장식이 보임."
60,_onyourday_1672999736_3009662383447214119_12861674625_cake_1.jpg,원형,블루,레터링중심,중앙레터링,없음,없음,없음,진주,없음,있음,블루색상의 원형 케이크로 레터링이 중앙에 있으며 작은 하트와 진주같은 크림 장식이 있음.
62,_onyourday_1673251295_3011772619234652229_12861674625_cake_1.jpg,원형,화이트,러블리,중앙레터링,없음,없음,없음,스프링클,없음,있음,화려하지 않고 색색의 레터링과 스프링클로 꾸민 심플하고 사랑스러운 느낌의 원형 케이크
63,_onyourday_1673351290_3012611437461165580_12861674625_cake_1.jpg,하트,화이트,러블리,중앙레터링,없음,없음,없음,스프링클,없음,있음,하트 모양의 흰색 케이크 위에 다채로운 색깔의 레터링과 스프링클 토핑이 있음.
64,_onyourday_1673427858_3013253734403256461_12861674625_cake_1.jpg,하트,핑크|퍼플|옐로우|그린|화이트,러블리,중앙레터링,없음,없음,꽃,진주,없음,있음,"핑크 기본에 다양한 컬러 크림 꽃과 진주 토핑 있음, 하트 모양, 중앙에 레터링 있음"
65,_onyourday_1673515938_3013992600470861613_12861674625_cake_1.jpg,하트,핑크,러블리,중앙레터링,없음,없음,없음,없음,없음,있음,하트 모양에 핑크색 크림으로 전체 덮여 있으며 중앙에 파란색 레터링과 빨간 하트 모양의 장식이 있다. 보드 레터링과 크림 테두리 없음.
66,_onyourday_1673606073_3014748708180072678_12861674625_cake_1.jpg,원형,퍼플|화이트|핑크|브라운|그린|블루|옐로우,러블리|화려함,중앙레터링|꽉찬레터링,있음,크림테두리|꽃테두리,꽃,진주|스프링클,기타동물,있음,"케이크 중앙에 다채로운 색상의 레터링이 있으며, 크림 장식에 진주와 꽃이 있음. 여러 동물 캐릭터 모형 있음."
67,_onyourday_1673686107_3015420082806052197_12861674625_cake_1.jpg,하트,블랙|퍼플|화이트,화려함,중앙레터링,있음,크림테두리,리본,진주,없음,있음,하트 모양의 2단 케이크. 색상은 주로 검은색이며 보라색과 흰색 크림 장식이 있음. 중앙에 보라색 레터링 있음. 크림테두리와 리본 모양 크림 데코 장식 있음. 진주 같은 토핑이 보임.
69,_onyourday_1673948801_3017623722463523957_12861674625_cake_1.jpg,원형,화이트,심플,중앙레터링,없음,크림테두리,꽃,진주,없음,있음,"화이트 크림 원형 케이크에 컬러풀한 꽃 크림 장식과 진주 모양 장식, 가운데 손글씨 레터링 있음."
70,_onyourday_1674035568_3018351574490199080_12861674625_cake_1.jpg,하트,화이트,러블리,중앙레터링,없음,크림테두리,없음,스프링클,없음,있음,하트 모양의 흰색 케이크에 파란색 중앙 레터링과 다채로운 색상의 스프링클 토핑이 있음.
72,_onyourday_1674293367_3020514152079188886_12861674625_cake_1.jpg,원형,화이트|그린|옐로우|브라운|블랙|핑크,심플,중앙레터링,없음,크림테두리,없음,없음,없음,있음,"원형 케이크에 크림으로 다양한 색상의 무늬가 장식되어 있고, 텍스트가 중앙에 레터링 형태로 쓰여 있음. 케이크 테두리는 크림 테두리임."
73,_onyourday_1674458774_3021901683046492498_12861674625_cake_1.jpg,원형,화이트|옐로우|믹스,화려함,중앙레터링,있음,크림테두리,없음,스프링클|진주,토끼,있음,"케이크에 다양한 컬러 풍선 장식, 토끼 캐릭터, 숫자 6 캔들이 있고, 한글 레터링 및 영문 문구가 보이는 화려한 스타일의 원형 케이크"
75,_onyourday_1674458774_3021901683046558800_12861674625_cake_1.jpg,원형,화이트|블루|핑크|브라운,러블리|화려함,중앙레터링,있음,크림테두리,하트|꽃|리본,스프링클,곰,있음,"곰 인형과 다양한 장식, 핑크색 레터링, 다채로운 색상의 스프링클, 하트 모양 장식 있음"
76,_onyourday_1674458774_3021901683113743207_12861674625_cake_1.jpg,원형,화이트|옐로우|믹스,러블리,중앙레터링,있음,크림테두리,하트|꽃|리본,진주|스프링클,곰|토끼|기타캐릭터,있음,"생일 케이크, 색색의 풍선 데코와 작은 캐릭터들, 글자가 중앙에 있음"
77,_onyourday_1674458774_3021901683122103757_12861674625_cake_1.jpg,원형,화이트|옐로우,화려함,중앙레터링,있음,크림테두리,없음,스프링클|반짝이,곰,있음,"케이크의 모양은 원형이며, 흰색과 노란색이 주 색상이다. 크림 테두리가 있고 여러 장식과 문구가 포함되어 화려한 스타일이다. 곰 모양의 장식이 보인다."
78,_onyourday_1674729844_3024175580148254356_12861674625_cake_1.jpg,하트,블랙,레터링중심,중앙레터링,없음,없음,없음,없음,없음,있음,
79,_onyourday_1674817973_3024914865772285326_12861674625_cake_1.jpg,원형,화이트,러블리,중앙레터링,없음,크림테두리,없음,반짝이,없음,있음,"중앙에 영어 문구 레터링이 파란색 크림으로 되어있고, 테두리는 흰 크림 방울로 둘러져 있음. 방울 위에 다채로운 색상의 작은 크림장식이 있음."
80,_onyourday_1674985933_3026323813395109572_12861674625_cake_1.jpg,하트,판단불가,레터링중심,중앙레터링,없음,없음,없음,없음,없음,있음,케이크 색이 사진 조명으로 정확히 구분 불가하여 '판단불가'로 표기함
81,_onyourday_1675064310_3026981291426420411_12861674625_cake_1.jpg,하트,핑크|화이트,러블리|레터링중심,중앙레터링,있음,크림테두리,리본|하트,없음,없음,있음,"핑크와 흰색 크림 데코, 하트 모양 2단 케이크, 글자가 있는 레터링 케이크"
83,_onyourday_1675329122_3029202693516900319_12861674625_cake_1.jpg,하트,핑크,화려함,중앙레터링,있음,없음,꽃,진주,없음,있음,"하트 모양에 핑크색 크림, 중앙에 레터링 있고 다양한 색상의 꽃 모양 크림 데코와 흰색 진주데코 있음"
84,_onyourday_1675419981_3029964874955679324_12861674625_cake_1.jpg,하트,핑크,러블리,중앙레터링,없음,크림테두리,없음,없음,곰,있음,곰 모양 초는 케이크 본체 위에 있으나 크림 데코로 보기는 어려움. 크림은 테두리 모양으로 잘 발려 있음. 텍스트는 케이크 위에 직접 써진 것으로 중앙 배치되어 있음.
85,_onyourday_1675675115_3032105091604292872_12861674625_cake_1.jpg,하트,핑크,러블리|캐릭터,중앙레터링,없음,없음,하트,스프링클,기타캐릭터,있음,"하트 모양 케이크에 핑크색 크림, 중앙에 레터링과 캐릭터(곰 비슷한 형태로 쓴 기타캐릭터) 장식, 하트 크림 데코와 여러 색 스프링클 장식 있음"
86,_onyourday_1675937169_3034303356947798278_12861674625_cake_1.jpg,하트,핑크,심플,중앙레터링,없음,없음,없음,없음,없음,있음,빨강색을 핑크로 판단함
87,_onyourday_1676028734_3035071458505460798_12861674625_cake_1.jpg,원형,블랙,심플,중앙레터링,없음,크림테두리,없음,없음,없음,있음,"검은색 크림으로 풍성한 테두리 장식을 한 원형 케이크, 중앙에 빨간색 글씨로 레터링 있음"
88,_onyourday_1676107985_3035736264456859238_12861674625_cake_1.jpg,원형,화이트|옐로우|핑크|믹스,화려함|러블리,중앙레터링,있음,크림테두리,꽃,스프링클|과일|진주,토끼|곰,있음,케이크는 원형이고 흰색과 노란색 크림으로 장식되어 있으며 분홍색과 여러 색상의 스프링클이 올라가 있음. 핑크색 토끼와 흰 토끼 모양 초가 있고 'happy birthday' 레터링과 'I LOVE YOU' 문구가 보임.
89,_onyourday_1676279990_3037179148720928312_12861674625_cake_1.jpg,하트,블랙|화이트,레터링중심,중앙레터링,없음,없음,없음,진주,없음,있음,하트 모양 케이크에 검은색과 흰색 크림으로 배경이 되어 있고 흰색 레터링이 가운데 배치되어 있음. 진주 모양 데코레이션가 흰색 점들로 있음. 케이크 테두리는 크림테두리 없음.
90,_onyourday_1676369860_3037933031033043787_12861674625_cake_1.jpg,원형,화이트|핑크|블루,화려함,중앙레터링,없음,크림테두리,리본,없음,없음,있음,원형 케이크에 화려한 크림테두리와 리본 장식. 중앙에 핑크색 레터링 있음.
91,_onyourday_1676456042_3038655982988684877_12861674625_cake_1.jpg,원형,화이트,심플,중앙레터링,없음,없음,없음,없음,없음,있음,흰색 크림 케이크 위에 파란색 레터링이 중앙에 있음. 다른 장식 없음.
92,_onyourday_1676546443_3039414317429937879_12861674625_cake_1.jpg,원형,핑크|블루|브라운,화려함,중앙레터링,없음,크림테두리,꽃,없음,없음,있음,핑크색 케이크 본체에 파란색 크림테두리와 빨간 꽃 모양 크림 장식 있음. 영어 레터링 중앙 배치.
94,_onyourday_1676885270_3042256610295261296_12861674625_cake_1.jpg,원형,화이트|핑크,러블리,중앙레터링,있음,크림테두리,하트|꽃,스프링클,곰,있음,"곰인형 초와 하트 모양 작은 초, 핑크 크림 드리핑, 분홍색과 흰색 크림 데코, 케이크에 초록색 글씨 확인됨"
95,_onyourday_1676968113_3042951544618627932_12861674625_cake_1.jpg,원형,핑크|화이트,러블리,중앙레터링,있음,크림테두리,꽃,진주,기타동물,있음,"키, 문, 구름, 기타모양 크림장식이 있음. 흰색 크림방울 테두리와 진주 모양 크림장식 존재."
99,_onyourday_1677145976_3044443570648630272_12861674625_cake_1.jpg,하트,핑크,러블리,중앙레터링,없음,크림테두리,하트,스프링클,없음,있음,"빨간색 크림에 하트 모양이며, 흰색 중앙 레터링과 가장자리에 크림 방울 테두리가 있음. 다채로운 스프링클 토핑이 있음."
100,_onyourday_1677232923_3045172935829149245_12861674625_cake_1.jpg,원형,블루,레터링중심|심플,중앙레터링,없음,없음,없음,진주,없음,있음,파란색 그라데이션 크림 위에 하얀색 레터링과 진주 같은 데코가 있음. 테두리는 크림테두리가 아닌 단색 크림으로 마감됨.
101,_onyourday_1677491674_3047343488399541097_12861674625_cake_1.jpg,하트,핑크|퍼플,러블리,중앙레터링,없음,없음,꽃|리본,진주,없음,있음,"하트 모양 핑크색 케이크에 퍼플 크림 띠 중앙에 흰색 레터링, 꽃과 리본 모양 크림 장식과 진주 모양 장식이 있음"
102,_onyourday_1677578807_3048074414473475641_12861674625_cake_1.jpg,하트,블랙,레터링중심,중앙레터링,없음,없음,없음,없음,없음,있음,"하트 모양의 블랙 케이크이며, 붉은색 글씨로 'Happy Birthday'와 다른 문구가 레터링 되어 있음."
103,_onyourday_1677666477_3048809842017296155_12861674625_cake_1.jpg,하트,화이트,러블리,중앙레터링,없음,크림테두리,없음,스프링클,없음,있음,"하트 모양 흰색 크림 케이크에 다채로운 색상의 글자가 중앙에 있으며, 크림 테두리가 있고 다채로운 스프링클 장식이 있음."
104,_onyourday_1677749234_3049504061775379646_12861674625_cake_1.jpg,원형,화이트|핑크|블루,심플,중앙레터링,없음,없음,없음,진주,없음,있음,"케이크 본체는 원형이며 흰색, 분홍색, 파란색 등 3가지 색상이 혼합된 모습. 텍스트가 중앙에 있으며 크림으로 작성됨. 경계선이나 별도의 크림 장식은 보이지 않음. 진주같은 크림 점들이 보임."
105,_onyourday_1677840853_3050272622079511727_12861674625_cake_1.jpg,원형,화이트|블루,러블리|화려함,중앙레터링,있음,크림테두리,꽃,스프링클,곰,있음,곰 모양 초와 다채로운 색상의 장식 및 레터링이 있는 원형 케이크
106,_onyourday_1677921611_3050950062054822630_12861674625_cake_1.jpg,하트,핑크,러블리,중앙레터링,없음,없음,없음,없음,없음,있음,"하트 모양이고 전체 빨간색이며 흰색 글씨가 중앙에 레터링 되어 있음. 테두리, 크림장식 또는 토핑 장식은 없음."
107,_onyourday_1678096453_3052416747727159780_12861674625_cake_1.jpg,원형,옐로우,레터링중심,중앙레터링,없음,크림테두리,없음,없음,없음,있음,노란색 케이크에 파란색 하트 테두리와 중앙에 레터링 있음. 테두리는 크림으로 보이나 하트나 꽃 모양 크림 장식은 없음.
109,_onyourday_1678355851_3054592733994378222_12861674625_cake_1.jpg,원형,화이트|핑크|그린,러블리|화려함,중앙레터링,있음,크림테두리,하트|꽃|리본,스프링클|과일|진주,토끼,있음,"생일 축하 문구와 토끼 모양 장식, 다채로운 색상의 크림과 스프링클 장식이 있음"
111,_onyourday_1678706664_3057535564241274098_12861674625_cake_1.jpg,원형,화이트|퍼플,레터링중심|화려함,중앙레터링,있음,크림테두리,하트,스프링클,없음,있음,"2단 원형 케이크, 흰색과 보라색 크림 사용, 상단에 HAPPY BIRTHDAY 깃발 장식, 여러 색 스프링클 뿌려짐."
114,_onyourday_1678785782_3058199253910820434_12861674625_cake_1.jpg,하트,화이트,러블리,중앙레터링,없음,없음,없음,스프링클,없음,있음,하트 모양의 흰색 케이크에 다채로운 색상의 레터링과 크림 스프링클 장식이 있음. 테두리 장식 없음. 글자는 케이크 위에 중앙 배치되어 있음.
115,_onyourday_1678874650_3058944733606135956_12861674625_cake_1.jpg,하트,화이트,심플,중앙레터링,없음,없음,없음,없음,없음,있음,"하트모양에 흰색 크림만으로 전체를 덮었고 검정색 크림으로 글씨를 중앙에 썼음. 테두리 장식 없음, 글씨 외 다른 꾸밈 요소 없고 글씨는 중간 크기 중앙배치."
116,_onyourday_1678959522_3059656694758613236_12861674625_cake_1.jpg,원형,핑크,캐릭터|화려함,중앙레터링,없음,없음,꽃,스프링클,곰,있음,"핑크색 바탕, 곰 캐릭터에 하트, 알록달록 크림 장식과 스프링클 있음. 글씨는 케이크 중앙에 있음."
117,_onyourday_1679047968_3060398632791899327_12861674625_cake_1.jpg,하트,화이트,러블리,중앙레터링,없음,없음,없음,스프링클,없음,있음,"하트 모양 케이크에 흰색 크림과 원색 스프링클 장식, 중앙에 무지개색 레터링이 있음. 보드 레터링과 테두리 없음."
119,_onyourday_1679392164_3063285961224454266_12861674625_cake_1.jpg,판단불가,핑크|블랙|화이트,레터링중심|화려함,중앙레터링,있음,크림테두리,꽃|리본,진주,없음,있음,"케이크 전체 형태가 명확하지 않아 모양은 판단불가이며, 핑크색과 검정색, 흰색 크림장식이 있음. 레터링이 중앙에 있고 화려한 크림장식과 진주 토핑이 특징임."
120,_onyourday_1679475558_3063985520909116276_12861674625_cake_1.jpg,하트,블랙,레터링중심,중앙레터링,없음,없음,없음,없음,없음,있음,하트 모양의 검은색 케이크 위에 분홍색 레터링으로 메시지가 적혀있음
122,_onyourday_1679729326_3066114275161066034_12861674625_cake_1.jpg,하트,화이트,심플,중앙레터링,없음,크림테두리,없음,없음,없음,있음,"하트 모양의 하얀 케이크에 흰색 크림 테두리가 있고, 중앙에 레터링이 붉은색으로 있음."
123,_onyourday_1679916257_3067682368122034569_12861674625_cake_1.jpg,하트,핑크,심플,중앙레터링,없음,없음,없음,없음,없음,있음,"케이크는 하트 모양이며, 전체적으로 핑크(빨강에 가까운)색이고, 하얀 크림 글씨가 중앙에 배치된 심플한 디자인이다. 크림 데코와 케이크 테두리 데코는 없다."
126,_onyourday_1680346767_3071293752005275800_12861674625_cake_1.jpg,하트,화이트,러블리,무지개레터링,없음,크림테두리,없음,스프링클,없음,있음,"케이크는 하트 모양이며, 흰색 크림을 바르고 무지개색 글씨와 스프링클 모양의 장식이 있음. 크림 테두리 있음. 글씨가 중앙에 있고 레터링 중심임."
127,_onyourday_1680346767_3071293752013543253_12861674625_cake_1.jpg,하트,화이트,러블리,판단불가,없음,없음,없음,스프링클,없음,있음,하트 모양 케이크이며 흰색 크림 바탕에 색색의 스프링클과 레터링이 있음. 경계선 크림장식 없음. 레터링 유형은 정확히 판별 어려움.
128,_onyourday_1680346767_3071293752013620200_12861674625_cake_1.jpg,하트,화이트,레터링중심,무지개레터링,없음,없음,없음,스프링클,없음,있음,하트 모양 하얀 크림 케이크에 무지개색 글씨와 스프링클이 장식되어 있음. 케이크 본체에 문자만 존재하고 캐릭터는 없음.
129,_onyourday_1680346767_3071293752013628076_12861674625_cake_1.jpg,하트,화이트,러블리,무지개레터링,없음,없음,없음,스프링클,없음,있음,"하트형 케이크에 흰색 크림 베이스, 무지개색 레터링과 스프링클 장식이 있음. 케이크 보드 위에 별도의 문구는 없음."
132,_onyourday_1680605207_3073461696810378944_12861674625_cake_1.jpg,원형,화이트|핑크,러블리|화려함,중앙레터링,있음,크림테두리,하트|꽃|리본,스프링클,곰,있음,"케이크 앞면에 초록색 크림으로 글자가 있음. 핑크색 크림이 흘러내리는 모양으로 장식되어 있으며, 다양한 색상의 풍선 모양 토퍼와 금빛 반짝이 토퍼 있음. 곰 인형 초콜릿 토퍼 포함."
133,_onyourday_1680773426_3074872823013646485_12861674625_cake_1.jpg,하트,블랙,심플,중앙레터링,없음,크림테두리,없음,없음,없음,있음,검은색 하트 모양 케이크에 분홍색 글씨가 중앙에 위치함. 크림으로 된 테두리가 있음.
134,_onyourday_1680946779_3076327016522025912_12861674625_cake_1.jpg,하트,퍼플|화이트,화려함,중앙레터링,없음,없음,없음,진주,없음,있음,하트 모양 케이크에 보라색과 흰색 크림이 혼합되어 있음. 금색 글씨가 중앙에 있고 진주 모양의 데코가 있음.
135,_onyourday_1681204563_3078489459599865788_12861674625_cake_1.jpg,판단불가,블랙,레터링중심,중앙레터링,있음,크림테두리,없음,진주|과일,없음,있음,"케이크는 2단이며 윗부분에 레터링과 책 모양 장식, 체리 모형이 있음. 전체적으로 검은색 크림으로 덮여 있고, 하단 크림 테두리에 진주 데코가 있음."
139,_onyourday_1681292582_3079227816453608960_12861674625_cake_1.jpg,하트,옐로우,레터링중심,중앙레터링,없음,없음,없음,없음,없음,있음,"하트 모양 옐로우 케이크, 흰색 레터링 중앙에 있음, 크림 데코나 토핑 없음, 보드 레터링 없음"
140,_onyourday_1681471137_3080725648229382686_12861674625_cake_1.jpg,원형,화이트,심플,중앙레터링,있음,크림테두리,없음,진주,없음,있음,"핑크색 하트 그림자가 문자 옆에 있음, 테두리는 크림 물결 장식, 흰색 크림 위에 진주 같은 크림 장식 산재"
143,_onyourday_1681808218_3083553286330761853_12861674625_cake_1.jpg,하트,핑크|그린|화이트,러블리,중앙레터링,없음,없음,없음,진주,없음,있음,"하트 모양 케이크에 중앙에 레터링이 있고 진주같은 토핑이 있음. 색상은 핑크, 그린, 화이트가 혼합됨."
146,_onyourday_1682242484_3087196177288454127_12861674625_cake_1.jpg,판단불가,화이트|핑크|옐로우|브라운|그린,화려함,중앙레터링,있음,없음,없음,진주|과일,없음,있음,"케이크의 형태가 사진만으로는 명확하지 않음. 흰색 크림 베이스에 핑크색 레터링과 다양한 꽃 장식, 진주 모양 토핑과 잎사귀가 있음. 글자가 보드 위에도 있음."
147,_onyourday_1682242484_3087196177296962703_12861674625_cake_1.jpg,판단불가,화이트|퍼플|믹스,심플|화려함,중앙레터링,있음,없음,꽃,진주,없음,있음,"케이크 모양이 명확히 원형/하트/사각으로 구분되지 않아 판단불가임. 색상은 흰색 크림 바탕에 보라색 레터링과 여러 색 꽃장식이 섞여 있음. 레터링은 중앙에 자리하고 있고, 보드에도 문구가 있음. 테두리는 크림데코가 아닌 것으로 보이며, 꽃과 진주 모양의 데코가 있음."
150,_onyourday_1682244567_3087213648158489265_12861674625_cake_1.jpg,원형,화이트,화려함,중앙레터링,있음,크림테두리,꽃|리본,진주,없음,있음,중앙 글자가 있고 크림 테두리 위에 꽃과 진주가 데코되어 있음
151,_onyourday_1682244567_3087213648166845942_12861674625_cake_1.jpg,원형,화이트,러블리,중앙레터링,없음,없음,꽃,진주,없음,있음,"꽃 장식과 진주 토핑, 중앙에 분홍색 레터링이 있는 화이트 원형 케이크"
153,_onyourday_1682244567_3087213648242323424_12861674625_cake_1.jpg,원형,화이트,심플,중앙레터링,없음,크림테두리,없음,진주|과일,없음,있음,케이크에 여러 생화꽃과 초록잎이 장식되어 있으나 크림장식 종류에 해당하는 것은 아님. 크림 테두리가 둥글고 고르게 짜여 있음.
154,_onyourday_1682328464_3087917426239304260_12861674625_cake_1.jpg,하트,퍼플,레터링중심,중앙레터링,없음,없음,없음,없음,없음,있음,"보라색 크림을 바른 하트 모양 케이크이며, 글씨는 보라+흰색 레터링 중앙에 있음. 보드레터링이나 데코 요소 없고 단색 크림 및 글씨만 있음."
155,_onyourday_1682500909_3089364000475547471_12861674625_cake_1.jpg,하트,핑크|퍼플|화이트|옐로우|브라운|그린,러블리,중앙레터링,없음,없음,꽃|하트,진주,없음,있음,"하트 모양 핑크색 케이크, 중앙에 흰색 레터링과 보라색 바탕, 꽃과 하트 크림 장식 및 진주 토핑 있음"
156,_onyourday_1682585344_3090072296584916832_12861674625_cake_1.jpg,하트,핑크|화이트,러블리,중앙레터링,없음,없음,없음,진주,없음,있음,하트 모양 케이크에 핑크와 흰색 크림이 섞여 있음. 글자 중앙에 레터링 있음. 크림테두리 없음. 진주 형태 토핑 있음.
157,_onyourday_1682931025_3092972074591503669_12861674625_cake_1.jpg,원형,화이트|그린,캐릭터,중앙레터링,없음,없음,없음,스프링클,사람,있음,"군복을 입은 사람 캐릭터가 중앙에 있고, 케이크상단에 레터링이 있음. 배경은 흰색 크림, 크림 장식은 특별하지 않음, 원형 케이크."
158,_onyourday_1683017612_3093698419738890154_12861674625_cake_1.jpg,원형,블루|화이트|옐로우|그린,심플|레터링중심,중앙레터링,없음,없음,꽃,진주,없음,있음,"파란색 바탕에 흰색 꽃 크림과 중앙에 노란색 레터링, 진주 형태 토핑장식이 있음. 보드는 없으며 형태는 원형임."
160,_onyourday_1683198996_3095219978113445972_12861674625_cake_1.jpg,하트,핑크|화이트,심플|레터링중심,중앙레터링,없음,없음,없음,없음,없음,있음,하트 모양 붉은색 케이크에 흰색 레터링이 중앙에 있음. 보드 레터링이나 크림 장식은 없음.
161,_onyourday_1683278407_3095886124002550941_12861674625_cake_1.jpg,판단불가,화이트|퍼플,화려함,판단불가,있음,없음,없음,진주|과일,없음,있음,"꽃과 진주 데코, 보라색 레터링, 케이크 모양이 명확하지 않음"
162,_onyourday_1683541397_3098092248389455550_12861674625_cake_1.jpg,판단불가,화이트|핑크|옐로우|그린,화려함|레터링중심,중앙레터링,있음,없음,없음,진주|과일,없음,있음,"케이크 형태가 완전한 모습이 아닌 관계로 정확한 형태 판단은 어려우나 둥근 형태에 가까운 것으로 추정됨. 크림 위에 흰색과 분홍색 레터링, 여러 색 꽃 장식과 진주 장식 있음."
165,_onyourday_1683964770_3101643758953358770_12861674625_cake_1.jpg,원형,화이트,심플|레터링중심,중앙레터링,있음,크림테두리,리본,진주|과일,없음,있음,꽃은 크림장식이 아닌 실제 꽃으로 보임
167,_onyourday_1684228189_3103853479135501778_12861674625_cake_1.jpg,원형,블루,캐릭터|화려함,꽉찬레터링,있음,없음,하트|꽃,스프링클,사람,있음,케이크 중앙에 캐릭터가 있고 글자가 화려하게 꾸며져 있음. 케이크 판에 보드 레터링이 있음.
168,_onyourday_1684411364_3105390061020333835_12861674625_cake_1.jpg,원형,화이트,심플,중앙레터링,없음,크림테두리,꽃,진주,없음,있음,"흰색 원형 케이크 중앙에 중앙레터링이 있고, 가장자리 크림테두리에 꽃 모양 크림 장식과 진주 같은 토핑 데코가 있음."
170,_onyourday_1684578714_3106793892681839800_12861674625_cake_1.jpg,원형,화이트|그린|옐로우|블루|브라운,레터링중심,중앙레터링,없음,크림테두리,없음,없음,없음,있음,"케이크는 원형이며 흰색 크림 베이스에 초록, 노랑, 파랑, 빨강 컬러의 장식과 레터링이 있다. 크림으로 테두리 장식이 있고, 글자와 숫자가 중앙에 배치되어 있으며, 보드 레터링은 없다. 토핑이나 캐릭터는 없음."
173,_onyourday_1685010721_3110417827692483748_12861674625_cake_1.jpg,원형,블루|옐로우|브라운|퍼플,캐릭터|화려함,중앙레터링,없음,없음,없음,판단불가,기타캐릭터,있음,케이크 위에 노란 캐릭터와 빨간 글씨로 글자가 있음. 토핑은 색이 다양하고 정확히 판단 어려움.
174,_onyourday_1685093569_3111112806560774454_12861674625_cake_1.jpg,하트,핑크,심플|레터링중심,중앙레터링,없음,크림테두리,없음,없음,없음,있음,"하트 모양 케이크이며, 핑크색으로 전체가 덮여 있음. 중앙에 흰색 크림 글씨가 적혀 있어 레터링 중심임. 가장자리에는 흰색 크림 테두리가 있음."
175,_onyourday_1685178542_3111825614600535283_12861674625_cake_1.jpg,원형,핑크,레터링중심,중앙레터링,없음,없음,없음,없음,없음,있음,"케이크가 전체적으로 핑크색이며, 글자가 가운데에 파란색으로 정성스럽게 써져 있다. 케이크 테두리나 크림 장식, 토핑 등이 보이지 않는다."
178,_onyourday_1685783941_3116904071005128778_12861674625_cake_1.jpg,원형,옐로우|핑크|퍼플|블루|그린|브라운,캐릭터|화려함,중앙레터링,있음,없음,없음,스프링클,곰,있음,"케이크 본체는 원형이며, 노란색 베이스에 분홍색 캐릭터와 다채로운 스프링클이 있음. 보드에 글자가 있음."
179,_onyourday_1685955926_3118346786523628485_12861674625_cake_1.jpg,하트,블랙,심플,중앙레터링,없음,없음,없음,없음,없음,있음,하트 모양 검은색 케이크에 분홍색 중앙 레터링 있음. 크림 장식과 토핑 장식 없음.
181,_onyourday_1686210893_3120485601174569394_12861674625_cake_1.jpg,하트,블랙,레터링중심,중앙레터링,없음,크림테두리,없음,스프링클,없음,있음,검정색 크림을 바른 하트 모양 케이크에 다채로운 색상의 레터링과 스프링클 꾸밈이 있음.
182,_onyourday_1686390421_3121991595914230622_12861674625_cake_1.jpg,하트,블랙|핑크|브라운,화려함,중앙레터링,있음,없음,하트,진주,없음,있음,"하트 모양에 검은색 바탕, 핑크 크림과 붉은 체리 장식. 가운데 분홍 글자와 진주 크림 꾸밈 확인됨."
331,_onyourday_1707216640_3296694577924493949_12861674625_cake_1.jpg,원형,화이트|핑크|블루|옐로우|브라운|그린|퍼플,화려함,판단불가,없음,없음,꽃|하트,없음,없음,있음,"원형 화이트 케이크 위에 다채로운 색상의 글자와 하트, 꽃 모양 크림 데코가 있으며 글자가 다수 포함되어 있으나 글자체가 명확하지 않아 레터링 타입은 판단불가임."
333,_onyourday_1707555913_3299540604214002409_12861674625_cake_1.jpg,하트,옐로우|퍼플,러블리,중앙레터링,있음,크림테두리,하트|꽃,진주,없음,있음,"하트 모양의 케이크로 옐로우와 퍼플색 크림 사용, 러블리 스타일. 중앙에 케이크 위에 글씨와 크림 하트, 꽃무늬 장식, 진주 모양 크림 토핑 있음. 케이크 보드에 글씨 있음."
334,_onyourday_1707642314_3300265390851585958_12861674625_cake_1.jpg,원형,화이트|핑크|믹스,화려함|러블리,중앙레터링,있음,크림테두리,하트|꽃|리본,과일|스프링클,곰,있음,"풍선과 다양한 장식, 레터링, 곰 인형 촛불이 포함되어 있음."
336,_onyourday_1707817076_3301731402969099387_12861674625_cake_1.jpg,사각,화이트,심플,중앙레터링,없음,없음,없음,없음,없음,있음,사각형 화이트 케이크에 중앙에 검은색 글씨로 'HAPPY BIRTHDAY SO YOUNG'가 적혀 있음. 하트 모양 크림 장식 두 개 있음.
337,_onyourday_1707902688_3302449566472242610_12861674625_cake_1.jpg,하트,블랙,레터링중심,꽉찬레터링,없음,없음,없음,없음,없음,있음,하트 모양의 검은색 케이크에 분홍색 레터링으로 문구가 꽉 차서 쓰여 있음. 크림 데코나 토핑은 보이지 않음.
338,_onyourday_1707994788_3303222158200422794_12861674625_cake_1.jpg,사각,핑크,러블리,중앙레터링,있음,크림테두리,하트,없음,없음,있음,"상단에 하트초와 체리 토핑, 흰색 크림 장식, 핑크색 사각형 케이크, 한글과 영문 레터링 있음"
339,_onyourday_1708076113_3303904362685625000_12861674625_cake_1.jpg,하트,블루,캐릭터|화려함,중앙레터링,없음,없음,꽃,스프링클,곰,있음,"곰 캐릭터가 있고 다채로운 색상의 크림 장식과 스프링클이 있는 하트 모양 케이크이며, 중앙에 레터링이 있음"
592,_onyourday_1739783538_3569885524466800759_12861674625_cake_1.jpg,원형,화이트|블랙|브라운|핑크|옐로우|블루|퍼플|그린,캐릭터,꽉찬레터링,있음,없음,없음,없음,사람,있음,케이크 바탕은 흰색이며 캐릭터 모양의 졸업생이 중앙에 있고 캐릭터 의상 색은 검정과 빨강임. 글자가 케이크 표면과 보드에 꽉 차있음.
594,_onyourday_1739783538_3569885524491911005_12861674625_cake_1.jpg,하트,블루,캐릭터|화려함,중앙레터링,없음,없음,꽃,스프링클,개|기타캐릭터,있음,파란색 하트 모양 케이크 위에 캐릭터와 다채로운 크림 장식 스프링클 및 꽃 모양 크림 장식이 있음. 중앙에 글씨가 있고 보드 글씨는 없음.
595,_onyourday_1739783538_3569885524508678990_12861674625_cake_1.jpg,원형,화이트,캐릭터,중앙레터링,있음,없음,없음,스프링클,사람,있음,"졸업모 쓰고 있는 사람 캐릭터 2명과 한글 레터링이 중앙에 위치함. 케이크는 원형이며 화이트 크림, 다채로운 컬러 스프링클 장식 있음. 테두리 장식 없음. 판정 가능함."
597,_onyourday_1739867888_3570593100086988174_12861674625_cake_1.jpg,원형,블랙|브라운,심플,중앙레터링,없음,크림테두리,없음,없음,없음,있음,"초록색이나 빨간색이 아닌 검은색과 짙은 갈색의 리본이 있음. 케이크 크림은 딥 레드계열로 보임. 테두리는 크림으로 장식되어 있고, 텍스트가 케이크 중앙에 검은색 크림으로 작성되어 있음."
599,_onyourday_1740130652_3572797321217576618_12861674625_cake_1.jpg,하트,화이트|그린|핑크,러블리,중앙레터링,있음,없음,하트|꽃,없음,기타캐릭터,있음,"하트 모양에 흰색 크림을 기본으로 초록색 꽃모양 장식과 핑크색 글자, 흰색 토끼 캐릭터 마카롱 장식이 있음. 테두리 크림은 따로 없음."
853,_onyourday_1667294897_2961806726807664337_12861674625_cake_2.jpg,원형,퍼플|옐로우|핑크|화이트|블루|브라운|그린,캐릭터|화려함,중앙레터링,없음,없음,하트,없음,기타캐릭터,있음,"전체 배경 퍼플 색상, 중앙 노란 캐릭터 with 핑크 모자, 하트 크림 장식 있음. 문구는 케이크 표면에 중앙에 배열됨."
854,_onyourday_1667820802_2966218341714537793_12861674625_cake_2.jpg,하트,핑크,러블리,중앙레터링,없음,없음,없음,스프링클,없음,있음,케이크 위에 흰색 글자와 무지개색 스프링클 장식이 있음.
855,_onyourday_1667820802_2966218341714537793_12861674625_cake_3.jpg,하트,핑크,심플,중앙레터링,없음,없음,없음,없음,없음,있음,"케이크는 하트 모양이며 전체적으로 핑크색 크림에 심플한 디자인이다. 중앙에 흰색 글씨가 있다. 보드 레터링 및 크림 데코, 토핑 장식은 보이지 않는다."
856,_onyourday_1667904128_2966917325412113926_12861674625_cake_2.jpg,원형,퍼플|브라운|옐로우|블루|핑크|그린|화이트|블랙|믹스,러블리|캐릭터,중앙레터링,있음,없음,하트,스프링클,곰,있음,"곰캐릭터와 다채로운 색상의 스프링클 장식, 중앙에 레터링이 있음"
857,_onyourday_1668067537_2968288103182819330_12861674625_cake_2.jpg,하트,화이트,러블리,중앙레터링,없음,없음,없음,스프링클,없음,있음,"하트 모양 케이크에 흰색 크림, 다채로운 색깔의 레터링과 스프링클 데코레이션이 있음. 테두리나 보드 위 글자는 없음."
858,_onyourday_1668413697_2971191899290371580_12861674625_cake_2.jpg,하트,화이트|믹스,레터링중심|심플,중앙레터링,없음,없음,없음,스프링클,없음,있음,하트 모양 화이트 크림 케이크에 다채로운 컬러 글씨와 스프링클이 데코 되어 있음. 테두리 크림 데코 없음. 텍스트는 중앙에 레터링 중심으로 있음.
859,_onyourday_1668413697_2971191899290371580_12861674625_cake_3.jpg,하트,화이트,심플,무지개레터링,없음,없음,없음,스프링클,없음,있음,심플한 하트 모양 케이크에 흰색 크림 위에 다채로운 색상의 무지개 레터링과 스프링클 장식이 있음. 경계 테두리는 없음.
860,_onyourday_1668766391_2974150515587788020_12861674625_cake_2.jpg,하트,블루,캐릭터|화려함,중앙레터링,없음,없음,없음,스프링클,사람,있음,"하트 모양 케이크에 파란색 크림, 중앙에 사람 얼굴 캐릭터와 영어 및 한글 레터링, 스프링클 장식이 있음"
861,_onyourday_1668851131_2974861362472836171_12861674625_cake_2.jpg,하트,화이트,러블리,무지개레터링,없음,없음,없음,스프링클,없음,있음,"하트 모양 케이크에 흰색 크림을 기본으로, 다채로운 무지개색으로 레터링과 스프링클 장식이 있음. 케이크 본체 외에 보드 레터링은 없음."
863,_onyourday_1669107352_2977010698761623486_12861674625_cake_3.jpg,원형,옐로우|브라운|핑크|블루|그린|화이트|그린,캐릭터|화려함,중앙레터링,없음,없음,하트,없음,곰,있음,"곰 캐릭터가 케이크 중앙에 있고, 다양한 색상의 크림 데코가 있으며, 중앙 레터링이 있음. 보드 레터링과 테두리 없음."
864,_onyourday_1669378844_2979288140258705327_12861674625_cake_2.jpg,원형,화이트,캐릭터,중앙레터링,없음,없음,없음,반짝이,기타캐릭터,있음,케이크 표면에 'Euiiju is free' 텍스트와 캐릭터 그림이 있음. 원형 모양이며 크림테두리 없음. 크림 장식은 보이지 않음. 다채로운 반짝이 장식이 있음.
865,_onyourday_1669626500_2981365633565566365_12861674625_cake_2.jpg,하트,핑크,러블리,중앙레터링,없음,없음,하트,없음,없음,있음,분홍색 하트 모양 케이크에 파란색 글씨와 빨간 하트 크림 장식이 있음. 테두리는 크림 없음.
868,_onyourday_1670230774_2986434649959039699_12861674625_cake_3.jpg,판단불가,화이트|브라운|그린|핑크,화려함,판단불가,있음,없음,꽃|리본,판단불가,기타캐릭터,있음,케이크는 집 모양이며 크림장식과 리본장식이 있음. 산타 모양 캐릭터 있음. Merry Christmas 문구가 있는 보드가 있음.
869,_onyourday_1670231232_2986438490196599056_12861674625_cake_2.jpg,하트,핑크,러블리,중앙레터링,없음,없음,없음,없음,없음,있음,"붉은 핑크색으로 전면 덮인 하트 모양 케이크이며, 녹색 크림으로 'merry Christmas' 레터링이 중앙에 있음. 크림 데코와 토핑은 없음. 테두리 크림 장식 없음."
870,_onyourday_1670231232_2986438490196599056_12861674625_cake_3.jpg,원형,화이트|핑크|그린|브라운,심플|레터링중심,중앙레터링,없음,크림테두리,없음,없음|진주,없음,있음,중앙에 'merry christmas' 레터링이 있고 크림으로 만든 테두리가 있음. 빨간색 리본과 함께 크리스마스 장식이 올라가 있으나 크림 장식에는 포함되지 않음.
871,_onyourday_1670498971_2988684446773113290_12861674625_cake_2.jpg,하트,화이트,레터링중심,무지개레터링,없음,없음,없음,스프링클,없음,있음,"하트 모양 케이크에 흰색 크림 바탕과 무지개 색상의 레터링이 있고, 다채로운 케이크 스프링클 토핑이 있음."
872,_onyourday_1670582244_2989382994363937296_12861674625_cake_2.jpg,하트,핑크,레터링중심,중앙레터링,없음,없음,없음,없음,없음,있음,하트 모양의 케이크이며 핑크 계열의 크림으로 디자인되었고 중앙에 레터링이 있음. 크림이나 토핑 장식은 없는 것으로 보임.
873,_onyourday_1670582244_2989382994363937296_12861674625_cake_3.jpg,하트,핑크|옐로우,심플,중앙레터링,없음,없음,없음,없음,없음,있음,하트 모양 케이크로 핑크와 붉은 계열 색상 크림으로 심플하게 마감. 중앙에 흰색 레터링 텍스트가 있음. 테두리 장식과 토핑 장식은 없음.
874,_onyourday_1670921702_2992230572202921207_12861674625_cake_2.jpg,하트,화이트,러블리,무지개레터링,없음,없음,없음,없음,토끼,있음,"하트 모양의 흰 크림 케이크에 무지개색 레터링과 작은 별 모양 장식이 있으며, 토끼 얼굴 그림이 있음. 테두리 장식은 없음."
875,_onyourday_1671007821_2992952990492143586_12861674625_cake_2.jpg,하트,화이트,심플,중앙레터링,없음,없음,없음,스프링클,없음,있음,"하트 모양 화이트 크림 베이스에 블루 색상으로 중앙 레터링, 케이크 표면에 다색 스프링클 토핑 있음. 테두리 장식과 크림 장식은 없음. 접시 위에 올려진 상태이며 보드 레터링 없음."
879,_onyourday_1671845087_2999976490088276228_12861674625_cake_3.jpg,하트,핑크,레터링중심,중앙레터링,없음,없음,없음,없음,없음,있음,"하트 모양의 핑크색 케이크에 초록색 중심 레터링이 있음. 케이크 주변 테두리나 크림 데코, 토핑은 없음."
881,_onyourday_1671845087_2999976490088276228_12861674625_cake_5.jpg,하트,핑크,심플,중앙레터링,없음,없음,없음,없음,없음,있음,"빨간색 하트 모양 케이크이며 녹색 글씨로 'merry Christmas'가 중앙에 적혀 있음. 크림 데코나 테두리, 토핑 데코 없음."
883,_onyourday_1671845087_2999976490088276228_12861674625_cake_7.jpg,원형,화이트,심플,중앙레터링,없음,크림테두리,없음,없음,없음,있음,흰색 원형 케이크에 빨간색 중앙 레터링이 있고 크림으로 테두리 장식이 있음. 문자 외 화려한 데코 없음.
884,_onyourday_1671845087_2999976490088276228_12861674625_cake_8.jpg,원형,화이트,심플,중앙레터링,없음,크림테두리,없음,없음,없음,있음,빨간색 크림으로 'merry christmas' 문구가 중앙에 레터링 되어 있고 크림으로만 테두리 장식이 되어 있음. 추가적인 크림 장식이나 토핑 없음.
885,_onyourday_1671845087_2999976490088276228_12861674625_cake_9.jpg,하트,핑크,심플,중앙레터링,없음,없음,없음,없음,없음,있음,"하트 모양 케이크에 빨간색 크림이 덮여 있고 녹색 중앙레터링 있음. 흰색 포장지에 담긴 상태. 크림장식, 토핑장식, 보드 레터링 없음."
887,_onyourday_1671845087_2999976490088276228_12861674625_cake_11.jpg,원형,화이트,심플,중앙레터링,없음,크림테두리,없음,없음,없음,있음,레터링은 'merry christmas'로 빨간 글씨임
892,_onyourday_1671845087_2999976490231079507_12861674625_cake_4.jpg,원형,핑크,화려함,중앙레터링,없음,없음,하트|꽃,판단불가,곰,있음,케이크 한가운데에 노란색 레터링이 보임. 크림 데코가 하트와 꽃 모양으로 다양함. 위에 곰 인형과 선물 상자가 올려져 있음. 과일이나 진주 등은 확인 어렵거나 없음.
893,_onyourday_1671845087_2999976490231079507_12861674625_cake_5.jpg,하트,블루,화려함,중앙레터링,있음,없음,하트,판단불가,곰,있음,크림 위 하트 모양 데코와 곰 인형 및 선물 장식이 있음. 글자 색상이 노란색 중앙 레터링임.
894,_onyourday_1671845087_2999976490231079507_12861674625_cake_6.jpg,원형,핑크,화려함|캐릭터,중앙레터링,없음,없음,꽃,없음,곰,있음,"곰인형과 선물 모양 장식이 있고, 화려한 크림 장식과 중앙에 글자가 있음. 테두리 없음."
898,_onyourday_1671928003_3000672036142771888_12861674625_cake_2.jpg,원형,핑크|화이트|옐로우|그린,화려함|캐릭터,중앙레터링,없음,없음,꽃,과일,곰,있음,"곰 인형이 케이크 중앙에 있고, 크림과 과일 데코가 화려하게 포함되어 있음. 레터링도 중앙에 노란색으로 있음."
899,_onyourday_1671928003_3000672036142771888_12861674625_cake_3.jpg,원형,핑크,화려함,중앙레터링,없음,없음,꽃,없음,곰,있음,곰인형 피규어가 올려져 있음
900,_onyourday_1671928003_3000672036142771888_12861674625_cake_4.jpg,하트,핑크|그린,심플,중앙레터링,없음,없음,없음,없음,없음,있음,케이크 전체가 하트 모양이고 녹색 글자가 중앙에 레터링 되어있음. 크림 데코나 보드 데코는 없음.
902,_onyourday_1671928003_3000672036142771888_12861674625_cake_6.jpg,하트,핑크,레터링중심,중앙레터링,없음,없음,없음,없음,없음,있음,"빨간색 특유의 광택이 있어 핑크 계열로 분류하였으며, 상단 중앙에 초록색 레터링이 보임."
903,_onyourday_1671928003_3000672036142771888_12861674625_cake_7.jpg,하트,핑크,심플,중앙레터링,없음,없음,없음,없음,없음,있음,"빨간색에 가까운 핑크색 하트 모양 케이크, 중앙에 녹색 레터링 있음"
904,_onyourday_1671928003_3000672036142771888_12861674625_cake_8.jpg,하트,핑크,레터링중심,중앙레터링,없음,없음,없음,없음,없음,있음,"하트형 케이크에 핑크색 크림, 초록색 레터링 있음. 크림테두리 및 기타 장식 없음."
905,_onyourday_1671928003_3000672036142771888_12861674625_cake_9.jpg,하트,핑크,레터링중심,중앙레터링,없음,없음,없음,없음,없음,있음,빨간색 계열이지만 핑크에 가까운 색상으로 분류함.
906,_onyourday_1671928003_3000672036142771888_12861674625_cake_10.jpg,하트,핑크,레터링중심,중앙레터링,없음,없음,없음,없음,없음,있음,"케이크는 하트 모양이며 전체적으로 핑크빛 크림이 덮여 있음. 녹색 글자가 중앙에 레터링되어 있음. 보드 레터링 및 크림 데코, 토핑 데코는 없음."
910,_onyourday_1672134335_3002402871715713357_12861674625_cake_2.jpg,하트,화이트,심플,중앙레터링,없음,없음,없음,없음,없음,있음,"하트모양 흰색 크림 베이스에 파란색 중앙 레터링이 있음. 크림, 토핑 데코 없고 보드 레터링도 없음."
911,_onyourday_1672134335_3002402871715713357_12861674625_cake_3.jpg,하트,핑크,심플,중앙레터링,없음,없음,없음,없음,없음,있음,하트 모양 케이크에 핑크빛 빨강 단색 글씨는 중앙에 하얀 케이크링으로 'Happy new year!' 레터링 있음. 크림장식이나 보더 장식 없음.
917,_onyourday_1672455158_3005094136482531916_12861674625_cake_2.jpg,하트,블랙|핑크,심플,중앙레터링,없음,없음,없음,없음,없음,있음,하트 모양이며 검정색 크림 위에 핑크색 글씨가 중앙에 있음. 크림 테두리나 기타 장식 없음. 케이크 본체만 이미지에 존재.
918,_onyourday_1672455158_3005094136482531916_12861674625_cake_3.jpg,하트,화이트,레터링중심,중앙레터링,없음,없음,없음,없음,없음,있음,하트 모양의 흰색 케이크에 중앙에 파란색 레터링이 있음. 테두리 장식 및 토핑 장식은 없음.
919,_onyourday_1672455158_3005094136482531916_12861674625_cake_4.jpg,하트,화이트,심플,중앙레터링,없음,없음,없음,없음,없음,있음,"하트 모양의 흰색 케이크로, 중앙에 파란색 레터링이 있음. 크림 테두리, 크림 장식이나 토핑 장식은 없음. 보드 글자는 보이지 않음."
923,_onyourday_1673079055_3010327758924984212_12861674625_cake_2.jpg,하트,화이트,러블리,중앙레터링,없음,없음,없음,스프링클,없음,있음,"하트 모양 케이크, 흰색 크림 바탕, 컬러풀한 레터링과 스프링클 장식, 케이크 테두리 크림 없음, 문자 있음"
924,_onyourday_1673351290_3012611437461165580_12861674625_cake_2.jpg,하트,화이트,러블리,무지개레터링,없음,없음,없음,스프링클,없음,있음,"케이크는 하트형이며, 흰색 크림 바탕에 무지개색 레터링과 스프링클 장식이 있음. 테두리 장식이나 크림 장식은 없음."
925,_onyourday_1673351290_3012611437461165580_12861674625_cake_3.jpg,하트,화이트,레터링중심,무지개레터링,없음,없음,없음,스프링클,없음,있음,하트 모양 흰색 케이크에 무지개색 레터링과 스프링클이 있음. 보드레터링과 크림데코 및 테두리는 없음.
926,_onyourday_1673515938_3013992600470861613_12861674625_cake_2.jpg,하트,블랙,심플,중앙레터링,없음,없음,없음,없음,없음,있음,"하트 모양 케이크에 검은색 크림, 분홍색 레터링이 중앙에 위치. 크림 테두리나 토핑, 크림 장식 없음."
927,_onyourday_1673861343_3016890072557997580_12861674625_cake_2.jpg,원형,화이트|옐로우|믹스,캐릭터|레터링중심,중앙레터링,있음,크림테두리,없음,진주|반짝이,곰,있음,"케이크는 원형이며 흰색 베이스에 노란색 크림 드리즐이 있음. 빨간색 글씨로 중앙 레터링 있음. 곰 모양 캐릭터와 여러 장식물(풍선 모양, 하트 초 등) 토핑으로 사용됨."
928,_onyourday_1674121465_3019072134115319392_12861674625_cake_2.jpg,하트,화이트,심플,중앙레터링,없음,없음,없음,없음,없음,있음,"하트 모양이며 크림색이 화이트임. 글자는 중앙에 검정색으로 레터링 되어 있음. 테두리나 크림 장식, 토핑 장식은 보이지 않음. 캐릭터 없음."
930,_onyourday_1674985933_3026323813395109572_12861674625_cake_2.jpg,하트,화이트,심플,중앙레터링,없음,없음,없음,없음,없음,있음,"하트 모양 케이크에 흰색 크림, 중앙에 파란색 레터링이 있음. 테두리나 연출 장식은 없음."
934,_onyourday_1675329122_3029202693516900319_12861674625_cake_3.jpg,하트,화이트,러블리,중앙레터링,없음,없음,없음,스프링클,없음,있음,"하트 모양 케이크에 화이트 크림, 중앙 레터링은 다채로운 색깔로 쓰여있고, 크림 위에 여러 색 스프링클 장식 있음."
935,_onyourday_1675419981_3029964874955679324_12861674625_cake_2.jpg,하트,브라운,심플|레터링중심,중앙레터링,없음,없음,없음,없음,없음,있음,"하트 모양 초콜릿 케이크로, 붉은색 레터링이 중앙에 있으며, 크림테두리나 추가 장식은 없음."
936,_onyourday_1675419981_3029964874955679324_12861674625_cake_3.jpg,원형,화이트|핑크,심플|러블리,중앙레터링|꽉찬레터링,있음,없음,하트,없음,없음,있음,"케이크는 원형이며 흰 크림 베이스에 중앙과 꽉찬 레터링이 있고, 빨간 하트 초가 장식되어 있음. 배경 크림 테두리 없음."
937,_onyourday_1675675115_3032105091604292872_12861674625_cake_2.jpg,원형,핑크,심플,꽉찬레터링,없음,없음,없음,없음,없음,있음,"핑크색 크림 위에 초록색 꽉찬 레터링으로 글자가 장식된 원형 케이크이며, 크림 테두리나 추가 꾸밈은 없음"
939,_onyourday_1675937169_3034303356947798278_12861674625_cake_3.jpg,하트,화이트,심플,중앙레터링,없음,없음,없음,없음,없음,있음,"하트 모양에 흰색 크림, 검은색 글씨로 단어가 중앙에 레터링 되어 있음. 테두리, 토핑 장식 없음."
940,_onyourday_1676279990_3037179148720928312_12861674625_cake_2.jpg,하트,블랙,레터링중심,중앙레터링,없음,크림테두리,없음,없음,없음,있음,"검정색 하트 모양 케이크에 분홍색 글씨가 중앙에 레터링 되어 있고, 케이크 테두리는 크림으로 장식되어 있으나 그 외 크림 데코나 토핑은 없음."
941,_onyourday_1676456042_3038655982988684877_12861674625_cake_2.jpg,하트,화이트,러블리,중앙레터링,없음,없음,없음,스프링클,없음,있음,하트 모양 케이크이며 하얀 크림이 덮여 있음. 중앙에 파란색 글씨로 문구 작성됨. 여러 색상의 스프링클 토핑이 있음.
943,_onyourday_1677232923_3045172935829149245_12861674625_cake_2.jpg,원형,핑크,레터링중심,중앙레터링,없음,없음,없음,진주,없음,있음,전체적으로 핑크빛 색상에 화이트 글씨와 장식이 있음. 원형 케이크이며 글자가 중앙에 집중된 스타일. 크림 테두리나 꽃 장식 없음. 진주 모양의 토핑 장식이 있음.
944,_onyourday_1677491674_3047343488399541097_12861674625_cake_2.jpg,하트,화이트,심플|러블리,중앙레터링,없음,없음,없음,스프링클,없음,있음,하트 모양 화이트 크림 케이크에 다채로운 색깔의 레터링과 스프링클 데코레이션 있음. 케이크 테두리는 크림 장식 없음.
945,_onyourday_1677578807_3048074414473475641_12861674625_cake_2.jpg,하트,블랙,레터링중심,꽉찬레터링,없음,크림테두리,없음,없음,없음,있음,"빨간 글씨로 꽉찬 레터링이 중앙에 있고, 검정 크림 테두리로 꾸며진 하트 모양 케이크임"
947,_onyourday_1677921611_3050950062054822630_12861674625_cake_2.jpg,하트,블랙,심플,중앙레터링,없음,없음,없음,없음,없음,있음,하트 모양 검정색 케이크에 핑크색 중앙레터링이 있음.
948,_onyourday_1677921611_3050950062054822630_12861674625_cake_3.jpg,하트,블랙|핑크,심플,중앙레터링,없음,없음,없음,없음,없음,있음,"하트 모양 케이크이며, 검은색 크림 위에 핑크색 글씨가 중앙에 레터링되어 있음. 가장자리에 테두리크림이나 장식 없음."
950,_onyourday_1678267702_3053853283291014393_12861674625_cake_2.jpg,원형,핑크|화이트,캐릭터,중앙레터링,없음,없음,하트,없음,이모티콘,있음,"케이크 위에 귀여운 캐릭터와 하트 장식, 중앙에 레터링과 문구가 있음"
951,_onyourday_1678529256_3056047365077707406_12861674625_cake_2.jpg,하트,화이트,심플,중앙레터링,없음,없음,없음,없음,없음,있음,"케이크는 하트 모양이며 흰색 크림이 덮여 있다. 글씨는 'Happy 100 days'로 중앙에 파란색으로 레터링 되어있고, 크림 데코레이션이나 보더 데코레이션은 보이지 않는다."
952,_onyourday_1678785782_3058199253910820434_12861674625_cake_2.jpg,하트,화이트,심플,중앙레터링,없음,없음,없음,스프링클,없음,있음,"하트 모양 케이크이며, 화이트 크림 베이스에 다채로운 색상의 스프링클 토핑이 있으며 가운데 파란색 글씨가 존재함."
953,_onyourday_1678785782_3058199253910820434_12861674625_cake_3.jpg,하트,화이트,러블리,무지개레터링,있음,크림테두리,없음,스프링클,없음,있음,"하트 모양 흰색 케이크에 다채로운 색상의 글자가 있고, 크림 테두리가 둘러져 있음. 작은 크림 점들이 스프링클처럼 데코 되어 있음."
954,_onyourday_1678874650_3058944733606135956_12861674625_cake_2.jpg,하트,화이트,심플,중앙레터링,없음,크림테두리,없음,없음,없음,있음,하트 모양의 화이트 케이크로 심플한 크림테두리와 검은색 중앙 레터링이 있음. 꾸밈 장식과 토핑은 없음.
955,_onyourday_1678959522_3059656694758613236_12861674625_cake_2.jpg,하트,화이트,캐릭터|화려함,중앙레터링,없음,없음,하트,스프링클,기타캐릭터,있음,"하트 모양 케이크에 화이트 크림 바탕, 캐릭터 및 하트 크림 장식과 다채로운 색상의 스프링클 장식이 있음. 중앙에 텍스트가 있고 테두리는 없음."
956,_onyourday_1679047968_3060398632791899327_12861674625_cake_2.jpg,하트,화이트,레터링중심,무지개레터링,없음,없음,없음,스프링클,없음,있음,하트 모양 케이크에 흰색 크림 위에 무지개색 레터링과 스프링클 장식이 있음. 케이크 본체 이미지이며 판독 가능한 텍스트 포함.
957,_onyourday_1679303598_3062543014677713834_12861674625_cake_2.jpg,하트,블랙,심플,중앙레터링,없음,없음,없음,없음,없음,있음,"하트모양 초콜릿색 케이크에 빨간 글씨로 중앙레터링 있음. 테두리, 크림장식, 토핑 없고 보드에 글씨 없음."
960,_onyourday_1679303598_3062543014677713834_12861674625_cake_5.jpg,하트,블루|핑크,캐릭터,중앙레터링,없음,없음,없음,없음,사람,있음,"하트 모양에 파란색 기본색, 캐릭터 얼굴 모양이 중앙에 있음. 하단에 글자 있음. 테두리 크림 데코 없음, 크림 데코 하트 없음, 과일 등 토핑 없음."
962,_onyourday_1679475558_3063985520909116276_12861674625_cake_2.jpg,하트,핑크|퍼플|화이트,러블리,중앙레터링,없음,없음,없음,진주,없음,있음,"하트 형태에 핑크, 보라, 흰색 크림이 섞여 있음. 중앙에 문구가 크림으로 레터링 되어 있음. 케이크 표면에 진주 모양 장식 있음. 테두리 크림 장식 없음."
963,_onyourday_1679651512_3065461523934340965_12861674625_cake_2.jpg,하트,핑크|화이트|브라운,러블리,중앙레터링,없음,없음,없음,없음,없음,있음,"하트형 케이크로, 분홍색과 흰색, 붉은색 크림을 섞어 발랐음. 글씨는 케이크 크림 위에 직접 쓰인 중앙 레터링으로 확인됨. 테두리 장식과 크림 장식, 토핑 장식은 없음."
964,_onyourday_1679651512_3065461523934340965_12861674625_cake_3.jpg,하트,옐로우|블루|핑크|화이트|그린,레터링중심|화려함,중앙레터링,없음,없음,꽃|하트,진주,없음,있음,하트 모양 케이크이며 옐로우 베이스에 다양한 크림장식과 진주 토핑이 있음. 'Happy 22th Day' 레터링이 중앙에 있음.
965,_onyourday_1679729326_3066114275161066034_12861674625_cake_2.jpg,하트,퍼플|블루,심플,중앙레터링,없음,없음,없음,진주,없음,있음,"하트 모양 케이크, 보라색과 파란색 그라데이션, 흰색 진주 토핑, 중앙에 글씨 있음"
966,_onyourday_1679729326_3066114275161066034_12861674625_cake_3.jpg,하트,핑크,심플,꽉찬레터링,없음,없음,없음,없음,없음,있음,"케이크 본체에 초록색 크림으로 'HAPPEE BIRTHDAE TOBY'라는 문구가 적혀 있으며, 전체적으로 깔끔하고 단순한 스타일이다."
967,_onyourday_1679916257_3067682368122034569_12861674625_cake_2.jpg,하트,핑크,러블리,중앙레터링,없음,크림테두리,하트,스프링클,없음,있음,"하트모양 케이크에 핑크색, 중앙에 'happy day' 레터링과 한글, 크림 점 테두리, 하트 크림 장식 및 다채로운 스프링클 토핑이 있음."
968,_onyourday_1679916257_3067682368122034569_12861674625_cake_3.jpg,하트,판단불가,판단불가,중앙레터링,없음,없음,없음,스프링클,없음,있음,"케이크 색이 너무 강한 레드로 사진만으로 정확 판단 어려움, 기본 크림 데코나 보드 텍스트 없음"
969,_onyourday_1680087618_3069119849778556680_12861674625_cake_2.jpg,하트,핑크,화려함|캐릭터,판단불가,없음,없음,없음,판단불가,고양이,있음,"고양이 캐릭터가 케이크 전면에 있고 다양한 컬러로 꾸며져 있으나, 레터링 타입과 토핑 장식은 구체적 식별 어려움"
970,_onyourday_1680087618_3069119849778556680_12861674625_cake_3.jpg,하트,핑크,러블리,중앙레터링,없음,없음,없음,없음,없음,있음,하트 모양의 핑크색 케이크에 흰색 글자가 중앙에 레터링되어 있음. 케이크 본체에 테두리나 크림 데코가 없는 심플한 러블리 스타일.
974,_onyourday_1680087618_3069119849778556680_12861674625_cake_7.jpg,하트,핑크|화이트,심플,중앙레터링,없음,없음,하트,스프링클,없음,있음,하트 모양 케이크로 핑크색 크림과 흰색 크림 장식이 있음. 중앙에 흰색 글씨(1+1 21000) 있음. 스프링클 토핑 있음.
977,_onyourday_1680254029_3070515803691013665_12861674625_cake_3.jpg,하트,블랙,심플,중앙레터링,없음,없음,없음,없음,없음,있음,"검정색 하트모양 케이크에 중앙에 핑크색 글씨로 레터링 있음. 크림 장식이나 테두리, 토핑 없음."
978,_onyourday_1680346767_3071293752005275800_12861674625_cake_2.jpg,하트,화이트,레터링중심|심플,무지개레터링,없음,없음,없음,스프링클,없음,있음,"하트 모양의 케이크 위에 흰색 크림과 무지개 색상의 레터링, 여러 색상의 스프링클 토핑이 있음. 보드 위 텍스트는 제외함."
979,_onyourday_1680346767_3071293752013543253_12861674625_cake_2.jpg,하트,화이트,러블리,꽉찬레터링,있음,없음,없음,스프링클,없음,있음,"하트 모양 흰색 크림 케이크, 밝은 색상 레터링과 스프링클 장식, 보드에 레터링 있음"
980,_onyourday_1680346767_3071293752013543253_12861674625_cake_3.jpg,하트,화이트|믹스,러블리,중앙레터링,없음,없음,없음,스프링클,없음,있음,하트 모양의 케이크이며 흰색 크림 위에 다채로운 색상의 레터링과 스프링클이 장식됨. 보드 레터링과 크림 테두리는 없음.
981,_onyourday_1680346767_3071293752013620200_12861674625_cake_2.jpg,하트,화이트,레터링중심,무지개레터링,없음,없음,없음,스프링클,없음,있음,하트 모양 흰색 케이크 위에 다채로운 색깔의 글씨와 원형 스프링클 장식이 있음
982,_onyourday_1680346767_3071293752013620200_12861674625_cake_3.jpg,하트,화이트,레터링중심,무지개레터링,없음,없음,없음,스프링클,없음,있음,하트 모양의 흰색 케이크에 무지개 색상의 레터링과 여러 색상의 스프링클 장식이 있음. 케이크 보드에 글자는 없는 것으로 보임.
983,_onyourday_1680346767_3071293752013628076_12861674625_cake_2.jpg,원형,화이트,레터링중심,중앙레터링,없음,없음,없음,스프링클,없음,있음,"원형 케이크에 흰색 크림 바탕과 중앙에 다채로운 색상의 레터링, 그리고 크림 위에 여러 색상의 스프링클 장식이 있음. 보드 레터링과 테두리 장식은 없음."
985,_onyourday_1680346767_3071293752013727682_12861674625_cake_2.jpg,하트,화이트,러블리,중앙레터링,없음,없음,없음,없음,없음,있음,하트 모양의 흰색 케이크 위에 다양한 색상의 글씨와 색색의 작은 선 모양 장식이 있음. 크림 테두리나 꽃 등의 장식은 없음.
986,_onyourday_1680346767_3071293752013727682_12861674625_cake_3.jpg,하트,화이트,레터링중심,중앙레터링,없음,없음,없음,스프링클,없음,있음,"하트 모양 케이크, 흰색 크림 베이스에 중앙에 다채로운 색상의 레터링 ('HAPPY 5 DAY' 및 한글 단어) 있음. 크림 데코는 없이 스프링클 형태의 크림 포인트 있음."
989,_onyourday_1681292582_3079227816453608960_12861674625_cake_2.jpg,하트,화이트,러블리,중앙레터링,없음,없음,없음,스프링클,없음,있음,"하트 모양 흰 크림 케이크에 중앙에 글씨와 하트 모양 장식, 다채로운 스프링클 토핑 있음. 케이크 본체만 포장 용기에 있음."
992,_onyourday_1681471137_3080725648229382686_12861674625_cake_2.jpg,하트,화이트|핑크|옐로우,러블리|레터링중심,중앙레터링,없음,크림테두리,하트|리본,진주,없음,있음,"하트 모양 케이크에 흰색 크림 베이스에 핑크, 노란색 레터링과 크림으로 진주 모양 토핑 장식 있음."
993,_onyourday_1681808218_3083553286330761853_12861674625_cake_2.jpg,원형,그린|브라운|블랙,심플,중앙레터링,없음,없음,없음,진주,없음,있음,흰색 글씨로 중앙에 레터링 있음. 진주 토핑 장식 있음. 테두리 없음.
994,_onyourday_1681808218_3083553286330761853_12861674625_cake_3.jpg,하트,핑크,러블리,중앙레터링,없음,없음,없음,없음,없음,있음,"케이크 글씨가 케이크 위에 직접 작성되어 있고, 케이크 본체는 하트 모양이며 빨간색이다."
996,_onyourday_1681903171_3084349811821242475_12861674625_cake_3.jpg,하트,판단불가,러블리,중앙레터링,없음,없음,없음,없음,없음,있음,케이크 색은 빨강이지만 선택지에 포함되어있지 않음
1000,_onyourday_1682244567_3087213648158489265_12861674625_cake_2.jpg,원형,화이트,심플,중앙레터링,없음,크림테두리,꽃,진주,없음,있음,"흰색 크림케이크에 크림 테두리와 빨간 꽃 모양 데코, 진주 같은 장식이 있음. 케이크 중앙에 검정색 글씨로 'Happy parents' day' 레터링 있음."
1001,_onyourday_1682244567_3087213648158489265_12861674625_cake_3.jpg,원형,화이트|핑크,화려함,중앙레터링,없음,없음,없음,진주,없음,있음,"꽃과 진주가 장식된 화려한 원형 케이크이며, 'Happy parents' Day'라는 레터링이 중앙에 있음."
1003,_onyourday_1682328464_3087917426239304260_12861674625_cake_3.jpg,원형,화이트,심플,중앙레터링,없음,없음,없음,없음,없음,있음,흰색 크림 베이스에 파란색 글씨 중앙에 간결하게 레터링 있음. 추가적인 데코 없음.
1004,_onyourday_1682500909_3089364000475547471_12861674625_cake_2.jpg,하트,핑크|퍼플|화이트|옐로우|그린|브라운,러블리,중앙레터링,없음,없음,꽃|하트,진주,없음,있음,"하트 모양 케이크에 핑크색 바탕과 보라색 띠, 흰색 크림 글씨가 중앙에 있음. 꽃모양 데코와 진주 장식이 있음."
1005,_onyourday_1682931025_3092972074591503669_12861674625_cake_2.jpg,원형,화이트|그린|핑크|블랙|브라운,캐릭터,중앙레터링,있음,없음,하트,없음,사람,있음,"원형 케이크로 화이트 크림 바탕에 캐릭터 그림과 하트 크림 장식, 중앙에 레터링 있음. 경계선 크림 테두리는 없음."
1009,_onyourday_1683198996_3095219978113445972_12861674625_cake_2.jpg,하트,핑크,러블리,중앙레터링,있음,크림테두리,하트,진주,없음,있음,하트 모양의 케이크 위에 핑크색 크림이 둘러져 있고 진주 모양 토핑들이 있으며 'Happy birthday' 문구가 중앙에 레터링 되어 있음.
1010,_onyourday_1683198996_3095219978113445972_12861674625_cake_3.jpg,하트,핑크,러블리,중앙레터링,없음,없음,없음,없음,없음,있음,하트 모양의 핑크색 케이크에 중앙에 녹색 글씨로 레터링 있음. 크림테두리나 추가 장식은 보이지 않음.
1011,_onyourday_1683278407_3095886124002550941_12861674625_cake_2.jpg,판단불가,화이트|퍼플|그린,화려함,중앙레터링,없음,없음,꽃,진주,없음,있음,케이크 모양은 이미지에서 명확치 않음. 다양한 꽃과 진주 데코가 있어 화려한 느낌. 보드레터링은 없음. 케이크 위 크림 글씨는 중앙에 있음.
1012,_onyourday_1683883429_3100961423597537009_12861674625_cake_2.jpg,원형,화이트,레터링중심,중앙레터링,없음,없음,없음,없음,없음,있음,전체적으로 흰색 크림 위에 보라색 글씨로 중앙에 레터링이 가득한 원형 케이크임. 다른 장식이나 토핑은 없음.
1015,_onyourday_1684146322_3103166725431281513_12861674625_cake_3.jpg,판단불가,화이트|핑크|옐로우|퍼플,화려함,중앙레터링,있음,없음,꽃,진주,없음,있음,"케이크 모양이 명확하지 않아 판단불가이며, 화이트 크림에 분홍색 레터링, 여러 꽃 장식과 진주 같은 장식이 있음. 글자가 중앙에 있음, 케이크 테두리는 없음."
1018,_onyourday_1684411364_3105390061020333835_12861674625_cake_2.jpg,원형,화이트|그린|브라운,레터링중심|심플,중앙레터링,없음,크림테두리,꽃,진주,없음,있음,"흰색 크림을 기본으로 둥글게 크림 모양 테두리가 두 겹 있고, 중앙에 한글 문자 레터링과 꽃을 형상화한 크림 장식, 진주 모양 데코가 있음. 사람이나 캐릭터 모양은 없음."
1020,_onyourday_1684411364_3105390061020333835_12861674625_cake_4.jpg,원형,화이트,심플,중앙레터링,없음,크림테두리,꽃,진주,없음,있음,케이크는 원형이며 흰색 크림으로 덮여 있음. 중앙에 글씨 있고 꽃 모양 크림 장식과 진주 모양 장식이 있음.
1027,_onyourday_1684922690_3109679372171643767_12861674625_cake_3.jpg,원형,핑크,캐릭터|레터링중심,중앙레터링,없음,없음,없음,스프링클,기타캐릭터,있음,짱구 캐릭터 얼굴과 글자가 케이크 중심에 배치되어 있음. 케이크 테두리 장식은 없음. 다양한 색상의 스프링클 장식 존재.
1028,_onyourday_1685093569_3111112806560774454_12861674625_cake_2.jpg,하트,화이트|그린,심플,중앙레터링,없음,없음,없음,진주,없음,있음,"하트 모양 케이크이며 흰색과 초록색 크림 사용. 중앙에 분홍색 레터링 있고, 진주 모양 크림 장식 있음. 테두리 장식은 없음."
1029,_onyourday_1685093569_3111112806560774454_12861674625_cake_3.jpg,원형,화이트,심플,중앙레터링,없음,없음,없음,없음,없음,있음,"케이크는 원형이며 흰색 크림으로 심플한 스타일이다. 글씨는 중앙에 직접 쓴 레터링이고, 크림 테두리나 장식은 없다. 케이크 판에 글씨는 없고, 케이크 위에만 글씨가 있다."
1030,_onyourday_1685093569_3111112806560774454_12861674625_cake_4.jpg,원형,블랙,레터링중심,중앙레터링,없음,없음,없음,없음,없음,있음,검은색 원형 케이크에 초록색 레터링이 중앙에 잘 배치되어 있음. 크림 데코나 토핑 데코 없음.
1031,_onyourday_1685178542_3111825614600535283_12861674625_cake_2.jpg,하트,블랙|핑크|브라운,심플|레터링중심,중앙레터링,있음,크림테두리,하트,과일,없음,있음,"하트모양 케이크에 검정색 판 위에 분홍색 크림과 빨간 체리(과일)가 올려져 있으며, 가운데에 레터링(축퇴사)과 진주 모양 크림 데코가 있음."
1032,_onyourday_1685178542_3111825614600535283_12861674625_cake_3.jpg,하트,핑크,러블리,중앙레터링,없음,크림테두리,없음,진주,없음,있음,하트모양 핑크색 케이크에 하얀 글씨와 진주 모양 토핑 장식이 있음
1035,_onyourday_1739783538_3569885524466800759_12861674625_cake_2.jpg,원형,화이트|블랙|브라운|핑크|옐로우|퍼플|블루|판단불가,캐릭터,판단불가,있음,없음,없음,없음,사람,있음,케이크에 사람이 그려진 캐릭터 이미지와 한글 레터링이 포함되어 있음. 레터링 타입은 정확히 판별 어려움.
1036,_onyourday_1739783538_3569885524466800759_12861674625_cake_3.jpg,원형,화이트|그린|옐로우|블랙|브라운|핑크,캐릭터|레터링중심,중앙레터링,있음,없음,없음,없음,사람,있음,케이크는 원형이며 흰색 크림 위에 인물 캐릭터와 한글 레터링이 중앙에 있음. 케이크 보드는 글자가 적혀 있음. 크림 테두리 및 꾸밈 요소는 보이지 않음.
1037,_onyourday_1674035568_3018351574490199080_12861674625_cake_2.jpg,하트,화이트,심플|레터링중심,중앙레터링,없음,없음,없음,스프링클,없음,있음,"하트 모양 케이크, 흰색 크림, 중앙에 블루 레터링, 멀티컬러 스프링클 토핑, 크림 테두리 없음, 케이크판에 글자 없음"
1040,_onyourday_1682585344_3090072296584916832_12861674625_cake_2.jpg,하트,핑크|블루|화이트|옐로우|그린|브라운,러블리,중앙레터링,있음,없음,꽃|하트|리본,진주,없음,있음,"케이크 형태는 하트이며, 핑크 바탕에 여러 색 크림꽃과 진주 모양 장식이 있음. 중앙에 글자가 있음."
1041,_onyourday_1682585344_3090072296584916832_12861674625_cake_3.jpg,하트,핑크|옐로우,레터링중심,중앙레터링,없음,없음,없음,없음,없음,있음,"하트 모양 케이크에 분홍색과 빨간색 크림 표현. 중앙에 흰색 레터링 있음. 크림 데코는 별도 하트, 꽃, 리본 없이 단순함."
1042,_onyourday_1683624172_3098786616684663884_12861674625_cake_2.jpg,하트,핑크|퍼플|믹스,러블리,중앙레터링,있음,없음,꽃,진주,없음,있음,하트 모양 핑크 바탕에 퍼플 띠 위에 글씨가 있으며 꽃과 진주 크림 장식이 있음
1043,_onyourday_1683624172_3098786616684663884_12861674625_cake_3.jpg,하트,퍼플|화이트|핑크,화려함,중앙레터링,없음,크림테두리,없음,진주,없음,있음,"케이크 표면에 흰색 진주 장식이 있으며, 크림으로 글씨가 중앙에 쓰여 있음. 보드 레터링은 없음."
1046,_onyourday_1683624172_3098786616684663884_12861674625_cake_6.jpg,하트,화이트,레터링중심,중앙레터링,없음,없음,없음,스프링클,없음,있음,하트 모양 흰색 크림 케이크에 알록달록 레터링과 스프링클 장식이 있음
1048,_onyourday_1685955926_3118346786523628485_12861674625_cake_2.jpg,하트,블랙,심플,중앙레터링,없음,없음,없음,없음,없음,있음,하트 모양 블랙 케이크에 분홍색 중앙 레터링이 있음. 테두리 및 별도 크림 장식 없음.
1049,_onyourday_1685955926_3118346786523628485_12861674625_cake_3.jpg,하트,화이트,심플,중앙레터링,없음,없음,없음,없음,없음,있음,하트 모양에 흰색 크림 케이크임. 검은색 글자가 중앙 레터링으로 있음. 크림 장식이나 토핑 장식 없음. 케이크 보드에는 별도의 글자가 없음.
1051,_onyourday_1739783538_3569885524508745058_12861674625_cake_2.jpg,원형,화이트|블랙|핑크|옐로우|브라운|판단불가,캐릭터,중앙레터링,있음,없음,없음|판단불가,없음,사람,있음,"흰색 원형 케이크에 사람 캐릭터(졸업생 복장을 한 남자 일러스트)가 중앙에 있으며, 주변에 글자가 케이크 본체와 보드에 적혀 있음. 크림 데코는 명확하지 않음."
1054,_onyourday_1739783538_3569885524508745058_12861674625_cake_5.jpg,원형,화이트|그린|블랙|옐로우|핑크|브라운,캐릭터,판단불가,있음,없음,없음,없음,사람,있음,캐릭터는 사람이며 원형 케이크 위에 그려져 있음. 여러 색상 이용됨. 글씨는 보드에 직접 적혀 있는 형태로 판단됨.
1056,_onyourday_1707902688_3302449566472242610_12861674625_cake_2.jpg,하트,블랙|핑크,레터링중심,중앙레터링,없음,없음,없음,없음,없음,있음,"하트 모양 케이크에 검정 크림 베이스, 분홍색 레터링이 중앙에 있으며, 기타 꾸밈 요소나 테두리 없음"
1057,_onyourday_1686042633_3119074138421579638_12861674625_cake_2.jpg,하트,퍼플|블루,심플,중앙레터링,없음,없음,없음,진주,없음,있음,하트 모양 케이크로 보라색과 파란색 크림으로 구성되어 있음. 흰색 진주 장식과 글자가 중앙에 위치함.
1059,_onyourday_1686210893_3120485601174569394_12861674625_cake_2.jpg,하트,화이트,심플,무지개레터링,없음,없음,없음,스프링클,없음,있음,"하트 모양 케이크에 흰색 크림, 무지개 색상의 레터링과 스프링클 토핑이 있음. 테두리와 크림장식 없음."
1063,_onyourday_1686390421_3121991595914230622_12861674625_cake_2.jpg,하트,블루,러블리,중앙레터링,있음,없음,꽃,스프링클,없음,있음,케이크 윗면에 꽃 크림 데코와 스프링클이 있으며 'Happy birthday' 레터링과 함께 글자가 보임
1064,_onyourday_1740130652_3572797321217576618_12861674625_cake_2.jpg,원형,화이트|그린,캐릭터|레터링중심,중앙레터링,없음,없음,꽃,없음,기타캐릭터,있음,흰색 바탕 원형 케이크에 중앙에 레터링과 작은 캐릭터 장식 및 꽃 모양 크림 장식 있음
1065,_onyourday_1740130652_3572797321217576618_12861674625_cake_3.jpg,원형,화이트|그린,심플|캐릭터,중앙레터링,없음,없음,하트|꽃|리본|레이스|판단불가,없음,없음|판단불가,있음,"초록색 클로버 모양 크림 장식과 하얀색 배경, 중앙에 글자가 있음. 위쪽에 토끼 캐릭터 형태 크림 장식이 있음."
